order_qty,ship_qty,units,item,upc,brand,description,pack_size,price,extended_price,cost_per_item,store_price,online_price
4,4,CS012,231655,187093186559,ABTEY,ROYAL DE LYS 17PC BALLOTIN,12/7.76 OZ,127.08,508.32,10.59,16.79,17.29
6,6,CS012,231660,187093208527,ABTEY,SACHET ROYAL DESLYS FRUIT,12/7 OZ,98.28,589.68,8.19,13.09,13.59
6,6,CS012,231674,187093166674,ABTEY,PRESTIGE LIQUEURS BAG,12/7 OZ,98.28,589.68,8.19,13.09,13.59
6,6,CS012,231755,187093101583,ABTEY,ROYAL LYS WILLIAMS PEAR BAG,12/7 OZ,98.28,589.68,8.19,13.09,13.59
2,2,CS012,231849,187093128498,ABTEY,SELECTION LUQUEURS 12,12/5.47 OZ,107.88,215.76,8.99,14.29,14.79
2,2,CS014,231858,187093208589,ABTEY,ROYAL DESLYS 20PC CHOC,14/8.82 OZ,195.86,391.72,13.99,21.99,22.49
2,2,CS012,231863,187093198637,ABTEY,REGLETTE SELECTION LIQUEURS,12/8.64 OZ,167.88,335.76,13.99,21.99,22.49
1,1,CS008,231869,187093248752,ABTEY,ADVENT EXCLUSIVE EDITION,8/9.5 OZ,151.92,151.92,18.99,29.79,30.29
18,18,CS006,184111,816095011117,ASBACH,BRANDY-FILLED CHOCOLATE,6/8.8 OZ,86.94,1564.92,14.49,22.79,23.29
14,14,CS008,184114,816095011148,ASBACH,BRANDY-FILLED CHOCOLATE,8/4.4 OZ,59.92,838.88,7.49,11.99,12.49
5,5,CS010,184115,816095011155,ASBACH,DK CHOC BOTTLES 8 PC,10/3.5 OZ,61.9,309.5,6.19,9.99,10.49
18,18,CS006,184121,816095011216,ASBACH,LARGE CHERRIES WITH BRANDY,6/7.05 OZ,77.94,1402.92,12.99,20.49,20.99
15,15,CS008,184124,816095011247,ASBACH,SMALL CHERRIES WITH BRANDY,8/3.5 OZ,55.92,838.8,6.99,11.19,11.69
12,12,CS006,184131,816095011315,ASBACH,CHOC BRANDY-FILLED BEANS LG,6/7.05 OZ,77.94,935.28,12.99,20.49,20.99
10,10,CS008,184133,816095011339,ASBACH,CHOCOLATE BRANDY-FILLED,8/3.5 OZ,55.92,559.2,6.99,11.19,11.69
7,7,CS010,184145,816095011452,ASBACH,ASBACH COFFEE 8 BTL GIFT BOX,10/3.5 OZ,61.9,433.3,6.19,9.99,10.49
5,5,CS006,184151,816095011513,ASBACH,ASSORTED CHOCOLATES - LG,6/8.82 OZ,97.74,488.7,16.29,25.59,26.09
10,10,CS008,184154,816095011544,ASBACH,CHOCOLATE ASSORTMENT IN,8/4.4 OZ,66.32,663.2,8.29,13.19,13.69
8,8,CS001,184160,816095011162,ASBACH,60 BOTTLE GIFT BOX,1/26.46 OZ,41.0,328.0,41.0,63.89,64.39
15,15,CS006,184163,816095011636,ASBACH,ASBACH 12 BOTTLE GIFT BOX,6/5.29 OZ,53.94,809.1,8.99,14.29,14.79
5,5,CS010,184178,816095011780,ASBACH,MILK CHOC. 8 BOTTLES,10/3.5 OZ,61.9,309.5,6.19,9.99,10.49
20,20,CS006,184219,816095012190,ASBACH,20 BOTTLES IN WINDOW GIFT,6/8.82 OZ,89.94,1798.8,14.99,23.59,24.09
4,4,CS004,184232,816095012329,ASBACH,ADVENT CALENDAR SANTA,4/9.2 OZ,111.96,447.84,27.99,43.69,44.19
1,1,CS018,188433,658842304338,BECHTLE,CHRISTMAS TREE PASTA,18/17.6 OZ,50.22,50.22,2.79,4.69,5.19
1,1,CS024,280106,698028415113,BELFINE,SANTA CLAUS WITH RED CAP,24/0.88 OZ,45.36,45.36,1.89,3.29,3.79
1,1,CS024,280108,698028414833,BELFINE,FROSTY THE SNOWMAN WHITE,24/0.88 OZ,45.36,45.36,1.89,3.29,3.79
7,7,CS014,293443,4250231144431,BOEHME,IRISH CREAM FILLED,14/5.2 OZ,62.86,440.02,4.49,7.29,7.79
7,7,CS014,293446,4019400444464,BOEHME,CHERRY BRANDY FILLED CHOC,14/5.2 OZ,62.86,440.02,4.49,7.29,7.79
15,15,CS014,293551,4019400445515,BOEHME,BRANDY BEANS SMALL,14/5.2 OZ,55.86,837.9,3.99,6.49,6.99
30,30,CS014,293567,4019400445676,BOEHME,BRANDY BEANS LARGE,14/14 OZ,139.86,4195.8,9.99,15.79,16.29
2,2,CS006,156127,856565001279,BREITSAMER,BREITS. CREAMY MTN FLOWER,6/17.6 OZ,44.34,88.68,7.39,11.79,12.29
3,3,CS012,144201,844984152016,BUTLERS,FAMOUS IRISH CHOC,12/3.52 OZ,94.68,284.04,7.89,12.59,13.09
2,2,CS012,144329,844984113291,BUTLERS,ASST TWISTWRAP TRFL TAPER BX12/5.99,12/5.99 OZ,95.88,191.76,7.99,12.69,13.19
1,1,CS020,144702,844984177026,BUTLERS,MILK CHOCOLATE TRUFFLE BAR,20/2.64 OZ,47.31,47.31,2.37,3.99,4.49
1,1,CS020,144710,844984177101,BUTLERS,CARAMEL CRUNCH MILK CHOC,20/2.64 OZ,47.31,47.31,2.37,3.99,4.49
1,1,CS020,144711,844984177118,BUTLERS,MINT DARK CHOCOLATE,20/2.64 OZ,47.31,47.31,2.37,3.99,4.49
3,3,CS012,144804,844984178047,BUTLERS,IRISH CREAM TRUFFLES BOX,12/4.41 OZ,71.71,215.13,5.98,9.59,10.09
3,3,CS012,144806,844984178061,BUTLERS,IRISH WHISKEY TRUFFLES BOX,12/4.41 OZ,71.71,215.13,5.98,9.59,10.09
3,3,CS015,201802,816095018024,DR. QUENDT,KIRSCH HARMONIE,15/5.3 OZ,58.35,175.05,3.89,6.39,6.89
4,4,CS005,201804,816095018048,DR. QUENDT,STOLLEN IN GIFT BOX 17.6 OZ,5/17.6 OZ,79.45,317.8,15.89,24.99,25.49
2,2,CS008,201809,816095018093,DR. QUENDT,STOLLEN IN GIFT BOX 35.2OZ,8/35 OZ,183.92,367.84,22.99,35.99,36.49
1,1,CS010,207451,4007354224515,EDORA,GLUHWEIN SPICES 40G/1.4OZ,10/1.4 OZ,24.9,24.9,2.49,4.19,4.69
1,1,CS025,207542,4007354405426,EDORA,EDORA GINGERBREAD SPICES,25/0.5 OZ,34.75,34.75,1.39,2.49,2.99
1,1,CS024,200241,816095002412,ERIKA'S PANTRY,ADVENT CALENDAR NATIVITY,24/1.7 OZ,59.76,59.76,2.49,4.19,4.69
1,1,CS024,200243,816095002436,ERIKA'S PANTRY,ADVENT CALENDAR - MODERN,24/1.7 OZ,59.76,59.76,2.49,4.19,4.69
1,1,CS060,200963,816095002726,ERIKA'S PANTRY,TRADITIONAL ADVENT,60/1.7 OZ,149.4,149.4,2.49,4.19,4.69
2,2,CS025,299104,4000433071048,FUNSCH,MARZIPAN JOLANTE LUCKY PIG,25/1.23 OZ,42.25,84.5,1.69,2.99,3.49
1,1,CS025,299373,4000433053730,FUNSCH,MARZIPAN MIXED FRUITS,25/1.76 OZ,79.75,79.75,3.19,5.29,5.79
2,2,CS025,299663,4000433078634,FUNSCH,LUCKY PIG ASSORTMENT,25/1.76 OZ,69.75,139.5,2.79,4.69,5.19
4,4,CS010,217250,787093072502,GOLDKENN,JACK DANIELS CHOCOLATE BAR,10/3.5 OZ,62.9,251.6,6.29,10.09,10.59
1,1,CS007,200252,4006446002529,HEIDEL,CHRISTMAS ANGELS MOON TIN,7/3 OZ,59.43,59.43,8.49,13.49,13.99
1,1,CS009,200289,4006446002895,HEIDEL,NOSTALGIC SANTA GIFT TIN,9/3 OZ,71.91,71.91,7.99,12.69,13.19
1,1,CS008,200290,4006446002901,HEIDEL,CHRISTMAS BOOT TIN,8/3.4 OZ,66.32,66.32,8.29,13.19,13.69
2,2,CS006,525045,052594000454,KUCHEN MEISTER,CHRISTSTOLLEN BOX LARGE,6/26.4 OZ,47.94,95.88,7.99,12.69,13.19
4,4,CS006,525061,052594000614,KUCHEN MEISTER,MARZIPAN STOLLEN BOX MED,6/17.6 OZ,40.74,162.96,6.79,10.89,11.39
4,4,CS006,525065,052594000652,KUCHEN MEISTER,MARZIPAN STOLLEN BOX LARGE,6/26.4 OZ,50.94,203.76,8.49,13.49,13.99
3,3,CS006,525120,897579001206,KUCHEN MEISTER,CHRISTSTOLLEN BOX MED,6/17.6 OZ,39.54,118.62,6.59,10.59,11.09
4,4,CS010,525125,052594001253,KUCHEN MEISTER,CHRISTSTOLLEN CELLO MED,10/17.6 OZ,53.9,215.6,5.39,8.69,9.19
2,2,CS006,525126,052594001260,KUCHEN MEISTER,CHRISTSTOLLEN CELLO LARGE,6/26.4 OZ,44.34,88.68,7.39,11.79,12.29
4,4,CS006,525129,052594001291,KUCHEN MEISTER,MARZIPAN STOLLEN CELLO,6/26.4 OZ,47.34,189.36,7.89,12.59,13.09
4,4,CS010,525130,897579001305,KUCHEN MEISTER,MARZIPAN STOLLEN CELLO MED10/17.6,10/17.6 OZ,53.9,215.6,5.39,8.69,9.19
3,3,CS013,525132,4101540717031,KUCHEN MEISTER,MARZIPAN STOLLEN BITES,13/12.34 OZ,64.87,194.61,4.99,8.09,8.59
2,2,CS010,525139,897579001398,KUCHEN MEISTER,ORANGE STOLLEN MED CELLO,10/17.6 OZ,53.9,107.8,5.39,8.69,9.19
1,1,CS014,525205,4101540712050,KUCHEN MEISTER,Baumkuchen Spitzen Jamaica,14/5.29 OZ,83.86,83.86,5.99,9.59,10.09
1,1,CS014,525206,4101540712067,KUCHEN MEISTER,Baumkuchen Spitzen Irish,14/5.29 OZ,83.86,83.86,5.99,9.59,10.09
3,3,CS013,525874,4101540718748,KUCHEN MEISTER,Stollen Bites 20% Baked Apple,13/10.58 OZ,64.87,194.61,4.99,8.09,8.59
5,5,CS010,235070,4035600926883,KUECHLE,BAKING WAFERS RND 70MM,10/1.27 OZ,21.9,109.5,2.19,3.79,4.29
4,4,CS014,235090,4035600926869,KUECHLE,BAKING WAFERS RND 50MM,14/1.29 OZ,20.86,83.44,1.49,2.69,3.19
4,4,CS021,297113,4006894110104,LAMBERTZ,CHOC GINGERBREAD SPICE,21/7.05 OZ,69.09,276.36,3.29,5.49,5.99
3,3,CS019,297130,4006894247008,LAMBERTZ,DOMINOS CELLO LG,19/8.82 OZ,72.01,216.03,3.79,6.19,6.69
2,2,CS023,297253,4006894261202,LAMBERTZ,DOMINOS AUSLESE MK/DK/WHT23/7.05,23/7.05 OZ,114.77,229.54,4.99,8.09,8.59
5,5,CS021,297310,4006894110203,LAMBERTZ,AACHENER KRÄUTER PRINTEN,21/7.05 OZ,62.79,313.95,2.99,4.99,5.49
1,1,CS012,297519,4006894915914,LAMBERTZ,LEBKUCHENKONFEKT 3 ASST,12/6.18 OZ,65.88,65.88,5.49,8.89,9.39
2,2,CS012,297630,810253012701,LAMBERTZ,GINGERBREAD MAN MK,12/7.06 OZ,45.48,90.96,3.79,6.19,6.69
2,2,CS012,297680,810253012718,LAMBERTZ,GINGERBREAD MAN DK,12/7.06 OZ,45.48,90.96,3.79,6.19,6.69
3,3,CS016,297810,4006894202809,LAMBERTZ,ZIMTSTERNE (CINNAMON,16/6.17 OZ,83.04,249.12,5.19,8.39,8.89
3,3,CS006,297880,4006894392807,LAMBERTZ,UNSERE BESTEN BEST,6/17.65 OZ,77.94,233.82,12.99,20.49,20.99
4,4,CS018,298142,810253012404,LAMBERTZ,PFEFFERNUSSE BAG,18/7 OZ,38.7,154.8,2.15,3.69,4.19
4,4,CS014,293412,4019400444129,LAROSHELL,IRISH CREAM FILLED,14/5.29 OZ,62.86,251.44,4.49,7.29,7.79
4,4,CS014,293418,4019400444181,LAROSHELL,CHERRY BRANDY FILLED,14/5.29 OZ,62.86,251.44,4.49,7.29,7.79
4,4,CS014,293486,4250231144493,LAROSHELL,ORANGE LIQUEUR FILLED,14/5.29 OZ,62.86,251.44,4.49,7.29,7.79
4,4,CS014,293577,4019400445775,LAROSHELL,BRANDY BEANS LARGE,14/14.1 OZ,139.86,559.44,9.99,15.79,16.29
2,2,CS010,293001,693268300014,MAINTAL,MAINTAL ROSEHIP FRUIT,10/11.6 OZ,31.9,63.8,3.19,5.29,5.79
2,2,CS010,293002,693268300021,MAINTAL,MAINTAL PLUM BUTTER FRUIT,10/12 OZ,39.9,79.8,3.99,6.49,6.99
2,2,CS006,293005,693268300052,MAINTAL,MAINTAL WILD LINGONBERRY,6/11.6 OZ,23.94,47.88,3.99,6.49,6.99
1,1,CS012,171001,816095170012,OOOMERINGUES,PEPPERMINT MERINGUE W/,12/4.94 OZ,45.48,45.48,3.79,6.19,6.69
1,1,CS012,171113,816095171132,OOOMERINGUES,VANILLA FLAVORED MERINGUES12/4.59,12/4.59 OZ,45.48,45.48,3.79,6.19,6.69
1,1,CS012,171133,816095171330,OOOMERINGUES,SALTED CARAMEL FLAVORED,12/4.59 OZ,45.48,45.48,3.79,6.19,6.69
1,1,CS012,171134,816095171347,OOOMERINGUES,CHOCOLATE FLAVORED,12/4.59 OZ,45.48,45.48,3.79,6.19,6.69
1,1,CS012,171137,816095711376,OOOMERINGUES,LEMON PIE MERINGUE DROPS,12/4.59 OZ,45.48,45.48,3.79,6.19,6.69
4,4,CS010,183002,816095010028,REBER,CONSTANZE MILK CHOC BAR,10/3.5 OZ,37.9,151.6,3.79,6.19,6.69
2,2,CS036,183005,816095010059,REBER,BLACK FOREST HEARTS IN,36/1.1 OZ,86.04,172.08,2.39,4.09,4.59
2,2,CS020,183129,816095011292,REBER,MOZART PIANO BAR 1,20/1.7 OZ,59.8,119.6,2.99,4.99,5.49
3,3,CS015,183273,816095012732,REBER,MOZART KUGEL 8 PC BAG IN,15/5.6 OZ,137.85,413.55,9.19,14.59,15.09
6,6,CS008,183355,816095013555,REBER,MOZART KUGEL SM. 6 PC BOX,8/4.2 OZ,60.72,364.32,7.59,12.09,12.59
3,3,CS006,183356,816095013562,REBER,MOZART KUGEL MED. 12PC BOX,6/8.5 OZ,88.74,266.22,14.79,23.29,23.79
3,3,CS004,183357,816095013579,REBER,MOZART KUGEL 20 PCS GIFT,4/14.1 OZ,87.96,263.88,21.99,34.39,34.89
4,4,CS010,183401,816095014019,REBER,MOZART DARK CHOCOLATE BAR,10/3.5 OZ,37.9,151.6,3.79,6.19,6.69
2,2,CS090,183510,816095015108,REBER,MOZART KUGEL 2 X 45PC,90/0.7 OZ,116.1,232.2,1.29,2.39,2.89
2,2,CS015,183512,816095015122,REBER,CONSTANZ 8PC MILK KUGELN,15/5.6 OZ,137.85,275.7,9.19,14.59,15.09
3,3,CS008,183515,816095015153,REBER,CONSTANCE MOZART KUGEL 6,8/4.2 OZ,60.72,182.16,7.59,12.09,12.59
2,2,CS022,239020,4013900979020,RIEGELEIN,"CHRISTIMAS ""ICE"" CONFECTION",22/8.8 OZ,76.78,153.56,3.49,5.79,6.29
2,2,CS018,239529,4013900520529,RIEGELEIN,REINDDER AND SANTAS IN BAG,18/4.66 OZ,98.82,197.64,5.49,8.89,9.39
2,2,CS022,239805,4013900510209,RIEGELEIN,LADY BUG CUBE,22/3.5 OZ,131.78,263.56,5.99,9.59,10.09
1,1,CS015,239953,4013900979532,RIEGELEIN,"SNOWMAN BUDDIES, HOLLOW",15/4.4 OZ,82.35,82.35,5.49,8.89,9.39
3,3,CS012,234220,079344002209,SCHLUENDER,AMARETTO LIQUEUR CAKE BOX,12/14 OZ,65.88,197.64,5.49,8.89,9.39
3,3,CS012,234221,079344002216,SCHLUENDER,ORANGE LIQUEUR CAKE BOX,12/14 OZ,65.88,197.64,5.49,8.89,9.39
3,3,CS012,234246,079344002469,SCHLUENDER,CAPPUCCINO LIQUEUR CAKE,12/14 OZ,65.88,197.64,5.49,8.89,9.39
1,1,CS015,234556,079344065587,SCHLUENDER,STOLLEN PIECES W/ APPLE,15/12 OZ,104.85,104.85,6.99,11.19,11.69
1,1,CS015,234559,079344065594,SCHLUENDER,STOLLEN PIECES W/ ALMONDS &,15/12 OZ,104.85,104.85,6.99,11.19,11.69
5,5,CS007,234757,079344007570,SCHLUENDER,CHRISTSTOLLEN WITH RUM,7/26.4 OZ,68.53,342.65,9.79,15.49,15.99
2,2,CS012,757070,4009300018070,TEEKANNE,SNOW DREAMS- RASPBERRY,12/1.59 OZ,35.88,71.76,2.99,4.99,5.49
2,2,CS012,757251,4009300019251,TEEKANNE,MAGIC WINTER,12/1.76 OZ,35.88,71.76,2.99,4.99,5.49
4,4,CS008,757465,5901086075317,TEEKANNE,MAGIC WINTER HOLIDAY TEA,8/2.43 OZ,47.92,191.68,5.99,9.59,10.09
2,2,CS012,757696,4009300016960,TEEKANNE,TWINKLING STAR- PLUM AND,12/1.76 OZ,35.88,71.76,2.99,4.99,5.49
3,3,CS012,757716,9001475007243,TEEKANNE,TK GLUEFIX - MULLING SPICES,12/1.06 OZ,35.88,107.64,2.99,4.99,5.49
2,2,CS018,187549,8710476805499,THE OLD MILL,COFFEE WAFERS PACK,18/6.2 OZ,42.58,85.16,2.37,3.99,4.49
3,3,CS012,187591,860003955918,THE OLD MILL,SPECULAAS SPICED COOKIE PK,12/5.3 OZ,26.28,78.84,2.19,3.79,4.29
2,2,CS016,187596,860003955932,THE OLD MILL,MINI PEANUT ROUNDS COOKIE,16/5.3 OZ,41.44,82.88,2.59,4.39,4.89
3,3,CS006,187597,860003955949,THE OLD MILL,STROOPWAFELS 8PC BOX,6/8.8 OZ,21.54,64.62,3.59,5.89,6.39
1,1,CS006,187895,860003955956,THE OLD MILL,STROOPWAFELS 8PC TIN,6/8.8 OZ,34.74,34.74,5.79,9.29,9.79
3,3,CS018,298070,810253012657,WEISS,CHOCOLATE PFEFFERNUSSE BAG18/7.05,18/7.05 OZ,44.82,134.46,2.49,4.19,4.69
3,3,CS016,298270,4003160118901,WEISS,PFEFFERNUSSE ASSORTED BAG,16/21.1 OZ,105.44,316.32,6.59,10.59,11.09
1,1,CS020,298430,4003160116907,WEISS,MINI HEARTS/STARS/PRETZ MK,20/14.1 OZ,115.8,115.8,5.79,9.29,9.79
1,1,CS020,298457,4003160116808,WEISS,MINI HEARTS/STARS/PRETZ,20/14.1 OZ,115.8,115.8,5.79,9.29,9.79
3,3,CS036,298486,810253011483,WEISS,FILLED DARK CHOC LEBK. HEART36/5.29,36/5.29 OZ,82.44,247.32,2.29,3.89,4.39
1,1,CS036,298750,4003160293004,WEISS,COCOSELLA EXTRA,36/3.5 OZ,93.24,93.24,2.59,4.39,4.89
3,3,CS012,296002,899668000022,WICKLEIN,ALLERLEI COOKIE BAG,12/7.05 OZ,39.48,118.44,3.29,5.49,5.99
5,5,CS018,296003,899668000039,WICKLEIN,LEBKUCHEN GLAZED 14% NUTS,18/7.05 OZ,59.22,296.1,3.29,5.49,5.99
3,3,CS018,296005,899668000053,WICKLEIN,GINGERBREAD STARS 2ASST,18/6.17 OZ,59.22,177.66,3.29,5.49,5.99
2,2,CS012,296006,899668000886,WICKLEIN,MK CHOC GINGERBREAD W/,12/6.35 OZ,43.08,86.16,3.59,5.89,6.39
6,6,CS012,296009,899668000091,WICKLEIN,PFEFFERNEUSSE COOKIE BAG,12/7.05 OZ,39.48,236.88,3.29,5.49,5.99
5,5,CS018,296012,899668000435,WICKLEIN,LEBKUCHEN CHOC 14% NUTS,18/7.05 OZ,59.22,296.1,3.29,5.49,5.99
5,5,CS018,296014,899668000411,WICKLEIN,LEBKUCHEN ASST 14% NUTS,18/7.05 OZ,59.22,296.1,3.29,5.49,5.99
3,3,CS012,296047,899668000473,WICKLEIN,CHERRY FILLED MK CHOC,12/6.17 OZ,43.08,129.24,3.59,5.89,6.39
4,4,CS010,296056,899668000565,WICKLEIN,DOMINOSTEINE GIFT BOX,10/8.11 OZ,59.9,239.6,5.99,9.59,10.09
3,3,CS014,296058,899668000305,WICKLEIN,ZIMTSTERNE CINN STAR,14/4.59 OZ,83.86,251.58,5.99,9.59,10.09
1,1,CS020,296075,4008355000757,WICKLEIN,"ELISEN LEBKUCHEN ASST, 25%",20/8.8 OZ,199.8,199.8,9.99,15.79,16.29
1,1,CS020,296076,4008355000764,WICKLEIN,"ELISEN LEBKUCHEN CHOC, 25%",20/8.8 OZ,199.8,199.8,9.99,15.79,16.29
2,2,CS018,296088,899668000138,WICKLEIN,CHOC LEBKUCHEN HEARTS W/,18/7.58 OZ,93.42,186.84,5.19,8.39,8.89
4,4,CS012,296152,899668000152,WICKLEIN,CHOC DRIZZLED PFEFFERNUESSE,12/6.17 OZ,43.08,172.32,3.59,5.89,6.39
3,3,CS014,296338,899668000909,WICKLEIN,VANILLA CRESCENTS IN GIFT,14/4.59 OZ,83.86,251.58,5.99,9.59,10.09
6,6,CS018,296351,850028789193,WICKLEIN,MEISTERSINGER PLUS W/,18/7.05 OZ,89.82,538.92,4.99,8.09,8.59
2,2,CS018,296436,850028789056,WICKLEIN,"MEISTERSINGER NUTS PLUS,",18/7.05 OZ,89.82,179.64,4.99,8.09,8.59
3,3,CS012,296452,850028789452,WICKLEIN,MUG BUDDIES GINGERBREAD,12/7.05 OZ,39.48,118.44,3.29,5.49,5.99
6,6,CS018,296574,4008355035353,WICKLEIN,MEISTERS GL LEBKUCH 20%NTS,18/7.05 OZ,79.02,474.12,4.39,7.19,7.69
10,10,CS018,296701,4008355035339,WICKLEIN,MEISTERSINGER LEBK ASST 20%,18/7.05 OZ,79.02,790.2,4.39,7.19,7.69
6,6,CS018,296703,4008355035346,WICKLEIN,MEISTERSINGER LEBKUCHEN CH,18/7.05 OZ,79.02,474.12,4.39,7.19,7.69
1,1,CS020,200181,4006613001812,WINDEL,NUTCRACKER TIN,20/2.7 OZ,159.8,159.8,7.99,12.69,13.19
2,2,CS009,745123,074540821234,ANTHONBERG,10 PC CHOC LIQ SINGLE MALT,9/5.47 OZ,159.57,319.14,17.73,27.79,28.29
1,1,CS015,745823,074540899837,ANTHONBERG,CHOCOLATE LIQUEURS 8PC BOX15/4.41OZ,15/4.41 OZ,166.35,166.35,11.09,17.49,17.99
1,1,CS014,745833,074540819330,ANTHONBERG,CHOCOLATE LIQUEURS 12 PC,14/6.61 OZ,240.66,240.66,17.19,26.99,27.49
1,1,CS015,745863,074540811631,ANTHONBERG,CHOCOLATE LIQUEURS 16PC,15/8.82 OZ,304.35,304.35,20.29,31.79,32.29
2,2,CS012,705802,070569802407,BAHLSEN,SPICED SPEKULATIUS BAG,12/7 OZ,50.28,100.56,4.19,6.89,7.39
3,3,CS018,705812,070569812406,BAHLSEN,CHOCO CONTESSA,18/7 OZ,75.42,226.26,4.19,6.89,7.39
3,3,CS018,705814,070569814400,BAHLSEN,CONTESSA LEBKUCHEN,18/7 OZ,75.42,226.26,4.19,6.89,7.39
2,2,CS010,705840,070569894419,BAHLSEN,GINGERBREAD PRETZELS BAG,10/8.8 OZ,41.9,83.8,4.19,6.89,7.39
2,2,CS010,705860,070569816817,BAHLSEN,AKORA DK CHOC GINGERBREAD,10/7.9 OZ,41.9,83.8,4.19,6.89,7.39
1,1,CS012,871697,887123766972,CAVENDISH & HARVEY,ORANGE FRUIT DROPS TIN,12/5.3 OZ,45.48,45.48,3.79,6.19,6.69
1,1,CS012,871701,887123767016,CAVENDISH & HARVEY,MIXED FRUIT DROPS TIN,12/5.3 OZ,45.48,45.48,3.79,6.19,6.69
1,1,CS012,871702,887123767023,CAVENDISH & HARVEY,CHERRY FRUIT DROPS TIN,12/5.3 OZ,45.48,45.48,3.79,6.19,6.69
1,1,CS012,871703,887123767030,CAVENDISH & HARVEY,LEMON FRUIT DROPS TIN,12/5.3 OZ,45.48,45.48,3.79,6.19,6.69
1,1,CS012,871831,887123068311,CAVENDISH & HARVEY,WILD BERRY FRUIT DROPS TIN,12/5.3 OZ,45.48,45.48,3.79,6.19,6.69
2,2,CS012,424020,042456000203,PIROULINE,PIROULINE CHOCOLATE LINED,12/2.5 OZ,16.68,33.36,1.39,2.49,2.99
2,2,CS006,424031,042456050314,PIROULINE,DARK CHOCOLATE PIROULINE,6/14 OZ,32.94,65.88,5.49,8.89,9.39
2,2,CS012,424113,042456051137,PIROULINE,CHOCOLATE HAZELNUT,12/3.25 OZ,16.68,33.36,1.39,2.49,2.99
2,2,CS012,424114,042456051144,PIROULINE,DARK CHOCOLATE PIROULINE,12/3.25 OZ,16.68,33.36,1.39,2.49,2.99
2,2,CS006,424504,042456050413,PIROULINE,VANILLA PIROULINE TIN,6/14 OZ,32.94,65.88,5.49,8.89,9.39
2,2,CS006,424505,042456005055,PIROULINE,CHOCOLATE HAZELNUT,6/14 OZ,32.94,65.88,5.49,8.89,9.39
3,3,CS012,583005,058336000058,DR. OETKER,BAKING POWDER 6PK (.5 OZ EA),12/3 OZ,21.48,64.44,1.79,3.09,3.59
3,3,CS012,583006,058336000065,DR. OETKER,VANILLA SUGAR 6PK (.32 OZ EA),12/1.92 OZ,21.48,64.44,1.79,3.09,3.59
1,1,CS030,583007,058336000072,DR. OETKER,CAKE GLAZE- CLEAR 2PK (.33 OZ,30/0.66 OZ,26.7,26.7,0.89,1.69,2.19
3,3,CS012,583105,058336111105,DR. OETKER,NATURAL VANILLA SUGAR 6PK,12/1.68 OZ,29.88,89.64,2.49,4.19,4.69
1,1,CS030,583114,058336011146,DR. OETKER,WHIP-IT WHIPPED CREAM 2PK,30/0.66 OZ,21.3,21.3,0.71,1.49,1.99
1,1,CS021,928870,092868118485,ERASMI,MARZIPAN SANTA CLAUS,21/3.5 OZ,104.79,104.79,4.99,8.09,8.59
4,4,CS008,770050,077075230502,FELIX,LINGONBERRIES,8/10 OZ,40.96,163.84,5.12,8.29,8.79
4,4,CS008,770359,077075230595,FELIX,FELIX LINGONBERRIES,8/14.5 OZ,50.08,200.32,6.26,10.09,10.59
2,2,CS012,611060,061104410607,CHAMPIGNON,BRIE TIN,12/4.5 OZ,49.08,98.16,4.09,6.69,7.19
1,1,CS012,611061,061104410614,CHAMPIGNON,CAMEMBERT TIN,12/4.5 OZ,49.08,49.08,4.09,6.69,7.19
1,1,CS011,374852,037466019529,LINDT,MILK CHOCOLATE GOLD BAR,11/10.6 OZ,93.95,93.95,8.54,13.59,14.09
1,1,CS010,374854,037466019543,LINDT,MILK CHOCOLATE W/,10/10.6 OZ,85.41,85.41,8.54,13.59,14.09
1,1,CS011,374858,037466019581,LINDT,SURFIN DARK GOLD BAR,11/10.6 OZ,93.95,93.95,8.54,13.59,14.09
7,7,CS020,973020,097305050212,NIEDEREGGER,CHOC-COVERED MARZIPAN,20/2.6 OZ,88.2,617.4,4.41,7.19,7.69
7,7,CS015,973030,097305050311,NIEDEREGGER,CHOC-COVERED MARZIPAN,15/4.25 OZ,97.32,681.24,6.49,10.39,10.89
1,1,CS010,973807,097305065117,NIEDEREGGER,MARZIPAN CLASSIC BAR - BSW,10/3.8 OZ,47.4,47.4,4.74,7.69,8.19
2,2,CS012,973811,097305400116,NIEDEREGGER,MARZIPAN POTATOES,12/3.5 OZ,69.48,138.96,5.79,9.29,9.79
1,1,CS010,973812,097305065148,NIEDEREGGER,MARZIPAN CLASSIC BAR - MILK,10/3.8 OZ,47.4,47.4,4.74,7.69,8.19
1,1,CS010,973827,097305065261,NIEDEREGGER,MARZIPAN CLASSIC BAR -,10/3.8 OZ,47.4,47.4,4.74,7.69,8.19
3,3,CS024,928134,4023800051344,SCHLUCKWERDER,RUM TRUFFLES,24/7 OZ,81.36,244.08,3.39,5.59,6.09
3,3,CS012,928148,4023800321485,SCHLUCKWERDER,COCONUT FLAKES IN DARK,12/7.05 OZ,57.48,172.44,4.79,7.79,8.29
1,1,CS060,928205,092868062054,SCHLUCKWERDER,MARZIPAN LOAVES IN FOIL,60/1.8 OZ,94.8,94.8,1.58,2.79,3.29
3,3,CS024,928207,092868182073,SCHLUCKWERDER,MARZIPAN LOAVES,24/2.65 OZ,56.4,169.2,2.35,3.99,4.49
2,2,CS015,928220,092868062207,SCHLUCKWERDER,MARZIPAN LOAVES,15/7 OZ,71.85,143.7,4.79,7.79,8.29
2,2,CS006,928250,4023800062500,SCHLUCKWERDER,MARZIPAN LOAVES IN FOIL,6/17.5 OZ,71.94,143.88,11.99,18.89,19.39
2,2,CS030,928283,4023800012833,SCHLUCKWERDER,MARZIPAN POTATOES - GERMAN,30/3.5 OZ,83.7,167.4,2.79,4.69,5.19
1,1,CS012,797340,850060192340,TERRYS,MILK CHOCOLATE WITH,12/5.11 OZ,60.24,60.24,5.02,8.09,8.59
1,1,CS012,797817,850033669916,TERRYS,MILK CHOCOLATE TOFFEE,12/5.11 OZ,60.24,60.24,5.02,8.09,8.59
2,2,CS012,797856,850033669794,TERRYS,MILK CHOCOLATE ORANGE,12/5.11 OZ,60.6,121.2,5.05,8.19,8.69
2,2,CS012,797859,850033669824,TERRYS,DARK CHOCOLATE ORANGE,12/5.11 OZ,60.24,120.48,5.02,8.09,8.59
1,1,CS012,797918,850033669183,TERRYS,Terry's Mint Milk Chocolate,12/5.11 OZ,60.24,60.24,5.02,8.09,8.59
2,2,CS012,390342,039047013421,WALKER,VANILLA SHORTBREAD PURE,12/5.3 OZ,40.68,81.36,3.39,5.59,6.09
2,2,CS012,390813,039047018136,WALKER,SCOTTIE DOGS SHORTBREAD,12/3.9 OZ,40.68,81.36,3.39,5.59,6.09
